Energy_MeV,LET_keV_um,CSDA_um,longitudinal_straggling_um,lateral_straggling_um,particle,material,Energy_MeV_u
1e-05,3.01169,0.0004,0.0003,0.0002,14N,CR39,0.0
1e-05,3.15841,0.0004,0.0003,0.0002,14N,CR39,0.0
1e-05,3.29858,0.0005,0.0003,0.0002,14N,CR39,0.0
1e-05,3.43351,0.0005,0.0003,0.0002,14N,CR39,0.0
1e-05,3.5632,0.0005,0.0003,0.0002,14N,CR39,0.0
1e-05,3.68765,0.0005,0.0003,0.0002,14N,CR39,0.0
2e-05,3.80817,0.0005,0.0003,0.0002,14N,CR39,0.0
2e-05,3.92607,0.0005,0.0003,0.0002,14N,CR39,0.0
2e-05,4.04004,0.0005,0.0003,0.0002,14N,CR39,0.0
2e-05,4.25881,0.0006,0.0004,0.0003,14N,CR39,0.0
2e-05,4.51688,0.0006,0.0004,0.0003,14N,CR39,0.0
2e-05,4.76054,0.0006,0.0004,0.0003,14N,CR39,0.0
3e-05,4.99372,0.0007,0.0004,0.0003,14N,CR39,0.0
3e-05,5.21511,0.0007,0.0004,0.0003,14N,CR39,0.0
3e-05,5.42864,0.0007,0.0004,0.0003,14N,CR39,0.0
3e-05,5.633,0.0007,0.0005,0.0003,14N,CR39,0.0
4e-05,5.83081,0.0008,0.0005,0.0003,14N,CR39,0.0
4e-05,6.02207,0.0008,0.0005,0.0003,14N,CR39,0.0
4e-05,6.38756,0.0008,0.0005,0.0004,14N,CR39,0.0
5e-05,6.7334,0.0009,0.0005,0.0004,14N,CR39,0.0
5e-05,7.06221,0.0009,0.0006,0.0004,14N,CR39,0.0
6e-05,7.3753,0.001,0.0006,0.0004,14N,CR39,0.0
6e-05,7.6766,0.001,0.0006,0.0004,14N,CR39,0.0
7e-05,7.96611,0.0011,0.0006,0.0004,14N,CR39,0.0
8e-05,8.51631,0.0011,0.0007,0.0005,14N,CR39,1e-05
9e-05,9.03376,0.0012,0.0007,0.0005,14N,CR39,1e-05
0.0001,9.52239,0.0013,0.0007,0.0005,14N,CR39,1e-05
0.00011,9.98613,0.0014,0.0008,0.0006,14N,CR39,1e-05
0.00012,10.43022,0.0014,0.0008,0.0006,14N,CR39,1e-05
0.00013,10.85728,0.0015,0.0008,0.0006,14N,CR39,1e-05
0.00014,11.266,0.0015,0.0009,0.0006,14N,CR39,1e-05
0.00015,11.66162,0.0016,0.0009,0.0006,14N,CR39,1e-05
0.00016,12.04414,0.0017,0.0009,0.0007,14N,CR39,1e-05
0.00017,12.41487,0.0017,0.001,0.0007,14N,CR39,1e-05
0.00018,12.77512,0.0018,0.001,0.0007,14N,CR39,1e-05
0.0002,13.4668,0.0019,0.001,0.0008,14N,CR39,1e-05
0.00022,14.279,0.002,0.0011,0.0008,14N,CR39,2e-05
0.00025,15.0519,0.0022,0.0012,0.0008,14N,CR39,2e-05
0.00027,15.7855,0.0023,0.0012,0.0009,14N,CR39,2e-05
0.0003,16.4929,0.0024,0.0013,0.0009,14N,CR39,2e-05
0.00032,17.161,0.0026,0.0013,0.001,14N,CR39,2e-05
0.00035,17.816,0.0027,0.0014,0.001,14N,CR39,2e-05
0.00037,18.4448,0.0028,0.0014,0.0011,14N,CR39,3e-05
0.0004,19.0474,0.0029,0.0015,0.0011,14N,CR39,3e-05
0.00045,20.2002,0.0032,0.0016,0.0012,14N,CR39,3e-05
0.0005,21.2875,0.0034,0.0017,0.0013,14N,CR39,4e-05
0.00055,22.3355,0.0036,0.0018,0.0013,14N,CR39,4e-05
0.0006,23.318,0.0038,0.0019,0.0014,14N,CR39,4e-05
0.00065,24.2743,0.004,0.002,0.0015,14N,CR39,5e-05
0.0007,25.1913,0.0042,0.0021,0.0015,14N,CR39,5e-05
0.0008,26.9336,0.0047,0.0022,0.0017,14N,CR39,6e-05
0.0009,28.5711,0.0051,0.0024,0.0018,14N,CR39,6e-05
0.001,30.1169,0.0055,0.0026,0.0019,14N,CR39,7e-05
0.0011,31.5841,0.0059,0.0027,0.002,14N,CR39,8e-05
0.0012,32.9858,0.0062,0.0029,0.0021,14N,CR39,9e-05
0.0013,34.3351,0.0066,0.003,0.0022,14N,CR39,9e-05
0.0014,35.632,0.007,0.0032,0.0024,14N,CR39,0.0001
0.0015,36.8765,0.0074,0.0033,0.0025,14N,CR39,0.00011
0.0016,38.0817,0.0078,0.0035,0.0026,14N,CR39,0.00011
0.0017,39.2607,0.0081,0.0036,0.0027,14N,CR39,0.00012
0.0018,40.4004,0.0085,0.0038,0.0028,14N,CR39,0.00013
0.002,42.5881,0.0092,0.004,0.003,14N,CR39,0.00014
0.00225,45.1688,0.0101,0.0044,0.0032,14N,CR39,0.00016
0.0025,47.6054,0.011,0.0047,0.0035,14N,CR39,0.00018
0.00275,49.9372,0.0119,0.005,0.0037,14N,CR39,0.0002
0.003,52.1511,0.0128,0.0054,0.0039,14N,CR39,0.00021
0.00325,54.2864,0.0137,0.0057,0.0042,14N,CR39,0.00023
0.0035,56.33,0.0145,0.006,0.0044,14N,CR39,0.00025
0.00375,58.3081,0.0154,0.0063,0.0046,14N,CR39,0.00027
0.004,60.2207,0.0163,0.0066,0.0048,14N,CR39,0.00029
0.0045,63.8756,0.018,0.0072,0.0053,14N,CR39,0.00032
0.005,67.334,0.0198,0.0078,0.0057,14N,CR39,0.00036
0.0055,70.6221,0.0215,0.0083,0.0061,14N,CR39,0.00039
0.006,73.753,0.0232,0.0089,0.0065,14N,CR39,0.00043
0.0065,76.766,0.0249,0.0095,0.0069,14N,CR39,0.00046
0.007,79.6742,0.0267,0.01,0.0073,14N,CR39,0.0005
0.008,85.1631,0.0301,0.0111,0.0081,14N,CR39,0.00057
0.009,90.3376,0.0336,0.0121,0.0089,14N,CR39,0.00064
0.01,95.2239,0.037,0.0131,0.0096,14N,CR39,0.00071
0.011,99.8744,0.0405,0.0141,0.0104,14N,CR39,0.00079
0.012,104.3153,0.0439,0.0151,0.0111,14N,CR39,0.00086
0.013,108.5728,0.0474,0.016,0.0118,14N,CR39,0.00093
0.014,112.6731,0.0508,0.0169,0.0126,14N,CR39,0.001
0.015,116.6293,0.0543,0.0178,0.0133,14N,CR39,0.00107
0.016,120.4545,0.0577,0.0187,0.014,14N,CR39,0.00114
0.017,124.1618,0.0612,0.0195,0.0147,14N,CR39,0.00121
0.018,127.7512,0.0646,0.0204,0.0154,14N,CR39,0.00129
0.02,134.668,0.0715,0.022,0.0167,14N,CR39,0.00143
0.0225,142.79,0.08,0.0239,0.0184,14N,CR39,0.00161
0.025,150.519,0.0885,0.0258,0.02,14N,CR39,0.00178
0.0275,157.855,0.097,0.0275,0.0216,14N,CR39,0.00196
0.03,163.75,0.1054,0.0292,0.0232,14N,CR39,0.00214
0.0325,169.514,0.1138,0.0308,0.0247,14N,CR39,0.00232
0.035,175.278,0.1221,0.0324,0.0262,14N,CR39,0.0025
0.0375,180.911,0.1304,0.0339,0.0277,14N,CR39,0.00268
0.04,186.282,0.1387,0.0353,0.0291,14N,CR39,0.00286
0.045,196.369,0.155,0.0381,0.0319,14N,CR39,0.00321
0.05,205.408,0.1712,0.0406,0.0345,14N,CR39,0.00357
0.055,213.399,0.1872,0.043,0.0371,14N,CR39,0.00393
0.06,220.604,0.203,0.0453,0.0396,14N,CR39,0.00428
0.065,227.154,0.2188,0.0474,0.042,14N,CR39,0.00464
0.07,233.049,0.2344,0.0495,0.0443,14N,CR39,0.005
0.08,243.66,0.2653,0.0534,0.0487,14N,CR39,0.00571
0.09,252.83,0.2959,0.057,0.0529,14N,CR39,0.00643
0.1,261.214,0.3261,0.0603,0.0569,14N,CR39,0.00714
0.11,268.943,0.3559,0.0634,0.0607,14N,CR39,0.00785
0.12,276.41,0.3854,0.0663,0.0644,14N,CR39,0.00857
0.13,283.484,0.4146,0.069,0.0679,14N,CR39,0.00928
0.14,290.296,0.4435,0.0716,0.0712,14N,CR39,0.01
0.15,296.977,0.472,0.074,0.0744,14N,CR39,0.01071
0.16,303.658,0.5001,0.0763,0.0775,14N,CR39,0.01142
0.17,310.208,0.5279,0.0784,0.0805,14N,CR39,0.01214
0.18,316.758,0.5553,0.0805,0.0834,14N,CR39,0.01285
0.2,329.727,0.6092,0.0845,0.0889,14N,CR39,0.01428
0.225,346.102,0.6744,0.089,0.0952,14N,CR39,0.01606
0.25,362.87,0.7375,0.093,0.1011,14N,CR39,0.01785
0.275,379.638,0.7983,0.0966,0.1065,14N,CR39,0.01963
0.3,396.668,0.8571,0.0998,0.1114,14N,CR39,0.02142
0.325,413.698,0.9138,0.1027,0.116,14N,CR39,0.0232
0.35,430.597,0.9687,0.1053,0.1203,14N,CR39,0.02499
0.375,447.365,1.02,0.1077,0.1243,14N,CR39,0.02677
0.4,463.871,1.07,0.1098,0.128,14N,CR39,0.02856
0.45,496.228,1.17,0.114,0.1348,14N,CR39,0.03213
0.5,527.406,1.26,0.1176,0.1407,14N,CR39,0.0357
0.55,557.274,1.35,0.1207,0.146,14N,CR39,0.03927
0.6,585.963,1.44,0.1234,0.1508,14N,CR39,0.04284
0.65,613.342,1.52,0.1258,0.1551,14N,CR39,0.04641
0.7,639.673,1.59,0.128,0.159,14N,CR39,0.04998
0.8,689.322,1.74,0.1325,0.1659,14N,CR39,0.05712
0.9,735.172,1.88,0.1362,0.1718,14N,CR39,0.06425
1.0,777.878,2.01,0.1393,0.177,14N,CR39,0.07139
1.1,817.571,2.13,0.1421,0.1815,14N,CR39,0.07853
1.2,854.775,2.25,0.1445,0.1856,14N,CR39,0.08567
1.3,889.621,2.36,0.1467,0.1892,14N,CR39,0.09281
1.4,922.24,2.47,0.1486,0.1925,14N,CR39,0.09995
1.5,952.894,2.57,0.1504,0.1955,14N,CR39,0.10709
1.6,981.583,2.68,0.152,0.1983,14N,CR39,0.11423
1.7,1008.438,2.77,0.1535,0.2009,14N,CR39,0.12137
1.8,1033.721,2.87,0.1549,0.2033,14N,CR39,0.12851
2.0,1079.178,3.06,0.1585,0.2077,14N,CR39,0.14279
2.25,1128.041,3.28,0.1631,0.2125,14N,CR39,0.16064
2.5,1168.782,3.5,0.1672,0.2167,14N,CR39,0.17849
2.75,1202.711,3.71,0.1709,0.2205,14N,CR39,0.19633
3.0,1230.614,3.91,0.1743,0.2239,14N,CR39,0.21418
3.25,1253.539,4.11,0.1775,0.2271,14N,CR39,0.23203
3.5,1272.141,4.31,0.1805,0.23,14N,CR39,0.24988
3.75,1287.075,4.51,0.1833,0.2328,14N,CR39,0.26773
4.0,1299.127,4.7,0.186,0.2354,14N,CR39,0.28558
4.5,1315.24,5.08,0.1949,0.2402,14N,CR39,0.32127
5.0,1325.72,5.46,0.2032,0.2446,14N,CR39,0.35697
5.5,1328.34,5.83,0.2111,0.2488,14N,CR39,0.39267
6.0,1328.34,6.21,0.2186,0.2527,14N,CR39,0.42837
6.5,1325.72,6.58,0.2259,0.2564,14N,CR39,0.46406
7.0,1319.17,6.96,0.2329,0.26,14N,CR39,0.49976
8.0,1302.533,7.72,0.2581,0.2668,14N,CR39,0.57116
9.0,1280.525,8.49,0.2816,0.2734,14N,CR39,0.64255
10.0,1255.635,9.28,0.304,0.2797,14N,CR39,0.71394
11.0,1229.042,10.09,0.3258,0.2859,14N,CR39,0.78534
12.0,1201.663,10.91,0.347,0.2921,14N,CR39,0.85673
13.0,1174.284,11.75,0.3679,0.2982,14N,CR39,0.92813
14.0,1147.036,12.61,0.3886,0.3044,14N,CR39,0.99952
15.0,1120.312,13.49,0.4091,0.3106,14N,CR39,1.07092
16.0,1094.243,14.39,0.4296,0.3168,14N,CR39,1.14231
17.0,1069.091,15.32,0.45,0.3231,14N,CR39,1.2137
18.0,1044.594,16.26,0.4705,0.3295,14N,CR39,1.2851
20.0,998.351,18.22,0.5477,0.3427,14N,CR39,1.42789
22.5,945.427,20.79,0.6596,0.3597,14N,CR39,1.60637
25.0,897.35,23.5,0.7651,0.3776,14N,CR39,1.78486
27.5,853.727,26.36,0.8671,0.3964,14N,CR39,1.96335
30.0,823.597,29.34,0.9661,0.4161,14N,CR39,2.14183
32.5,793.205,32.43,1.06,0.4365,14N,CR39,2.32032
35.0,760.193,35.65,1.16,0.4577,14N,CR39,2.4988
37.5,729.277,39.0,1.25,0.4798,14N,CR39,2.67729
40.0,701.112,42.5,1.35,0.5029,14N,CR39,2.85578
45.0,651.332,49.89,1.71,0.552,14N,CR39,3.21275
50.0,608.888,57.83,2.05,0.6048,14N,CR39,3.56972
55.0,572.208,66.3,2.38,0.6613,14N,CR39,3.92669
60.0,539.982,75.29,2.7,0.7214,14N,CR39,4.28366
65.0,511.555,84.8,3.02,0.7851,14N,CR39,4.64064
70.0,486.141,94.82,3.34,0.8522,14N,CR39,4.99761
80.0,442.78,116.37,4.53,0.9968,14N,CR39,5.71155
90.0,406.886,139.93,5.63,1.15,14N,CR39,6.4255
100.0,376.756,165.46,6.7,1.33,14N,CR39,7.13944
110.0,350.818,192.96,7.75,1.51,14N,CR39,7.85338
120.0,328.417,222.42,8.81,1.7,14N,CR39,8.56733
130.0,308.767,253.82,9.88,1.91,14N,CR39,9.28127
140.0,291.344,287.16,10.96,2.13,14N,CR39,9.99522
150.0,275.755,322.43,12.05,2.36,14N,CR39,10.70916
160.0,261.869,359.64,13.16,2.61,14N,CR39,11.4231
170.0,249.162,398.78,14.29,2.86,14N,CR39,12.13705
180.0,237.765,439.86,15.44,3.13,14N,CR39,12.85099
200.0,217.853,527.74,19.85,3.71,14N,CR39,14.27888
225.0,197.155,648.39,26.21,4.49,14N,CR39,16.06374
250.0,180.125,781.04,32.27,5.35,14N,CR39,17.8486
275.0,165.977,925.6,38.24,6.28,14N,CR39,19.63346
300.0,154.056,1080.0,44.21,7.29,14N,CR39,21.41832
325.0,143.969,1250.0,50.22,8.37,14N,CR39,23.20318
350.0,135.323,1430.0,56.29,9.52,14N,CR39,24.98804
375.0,128.0001,1620.0,62.42,10.74,14N,CR39,26.7729
400.0,121.6728,1820.0,68.6,12.02,14N,CR39,28.55776
450.0,110.8129,2250.0,91.84,14.78,14N,CR39,32.12748
500.0,101.6691,2720.0,113.57,17.78,14N,CR39,35.6972
550.0,94.058,3230.0,134.75,21.02,14N,CR39,39.26692
600.0,87.639,3780.0,155.76,24.5,14N,CR39,42.83664
650.0,82.137,4370.0,176.79,28.22,14N,CR39,46.40636
700.0,77.3686,5000.0,197.93,32.16,14N,CR39,49.97608
800.0,69.5086,6360.0,276.66,40.69,14N,CR39,57.11552
900.0,63.2992,7870.0,349.59,50.08,14N,CR39,64.25496
1000.0,58.2688,9520.0,420.38,60.27,14N,CR39,71.3944
1100.0,54.0899,11300.0,490.43,71.24,14N,CR39,78.53384
1200.0,50.5791,13210.0,560.39,82.96,14N,CR39,85.67328
1300.0,47.5661,15250.0,630.6,95.39,14N,CR39,92.81273
1400.0,44.9723,17410.0,701.22,108.52,14N,CR39,99.95217
1500.0,42.706,19690.0,772.34,122.31,14N,CR39,107.09161
1600.0,40.7148,22090.0,843.98,136.74,14N,CR39,114.23105
1700.0,38.9332,24600.0,916.17,151.78,14N,CR39,121.37049
1800.0,37.3481,27220.0,988.87,167.43,14N,CR39,128.50993
2000.0,34.6364,32780.0,1260.0,200.43,14N,CR39,142.78881
2250.0,31.8985,40300.0,1650.0,244.7,14N,CR39,160.63741
2500.0,29.6977,48430.0,2010.0,292.03,14N,CR39,178.48601
2750.0,27.8768,57120.0,2360.0,342.18,14N,CR39,196.33461
3000.0,26.3441,66340.0,2700.0,394.92,14N,CR39,214.18321
3250.0,25.0472,76070.0,3030.0,450.05,14N,CR39,232.03181
3500.0,23.9337,86280.0,3360.0,507.36,14N,CR39,249.88041
3750.0,22.9643,96940.0,3680.0,566.69,14N,CR39,267.72902
4000.0,22.1259,108030.0,4010.0,627.87,14N,CR39,285.57762
4500.0,20.7111,131400.0,5200.0,755.26,14N,CR39,321.27482
5000.0,19.5714,156230.0,6270.0,888.44,14N,CR39,356.97202
5500.0,18.6544,182400.0,7290.0,1030.0,14N,CR39,392.66922
6000.0,17.8815,209770.0,8260.0,1170.0,14N,CR39,428.36642
6500.0,17.2396,238240.0,9190.0,1310.0,14N,CR39,464.06363
7000.0,16.6894,267710.0,10090.0,1460.0,14N,CR39,499.76083
8000.0,15.8117,329260.0,13330.0,1770.0,14N,CR39,571.15523
9000.0,15.1436,393880.0,16170.0,2080.0,14N,CR39,642.54964
10000.0,14.6196,461080.0,18760.0,2390.0,14N,CR39,713.94404
1e-05,1.611,0.0006,0.0003,0.0003,14N,water,0.0
1e-05,1.69,0.0006,0.0004,0.0003,14N,water,0.0
1e-05,1.765,0.0006,0.0004,0.0003,14N,water,0.0
1e-05,1.837,0.0006,0.0004,0.0003,14N,water,0.0
1e-05,1.906,0.0007,0.0004,0.0003,14N,water,0.0
1e-05,1.973,0.0007,0.0004,0.0003,14N,water,0.0
2e-05,2.038,0.0007,0.0004,0.0003,14N,water,0.0
2e-05,2.101,0.0007,0.0004,0.0003,14N,water,0.0
2e-05,2.162,0.0007,0.0004,0.0003,14N,water,0.0
2e-05,2.278,0.0008,0.0005,0.0003,14N,water,0.0
2e-05,2.417,0.0008,0.0005,0.0004,14N,water,0.0
2e-05,2.547,0.0008,0.0005,0.0004,14N,water,0.0
3e-05,2.672,0.0009,0.0005,0.0004,14N,water,0.0
3e-05,2.791,0.0009,0.0006,0.0004,14N,water,0.0
3e-05,2.904,0.001,0.0006,0.0004,14N,water,0.0
3e-05,3.014,0.001,0.0006,0.0004,14N,water,0.0
4e-05,3.12,0.001,0.0006,0.0004,14N,water,0.0
4e-05,3.222,0.0011,0.0006,0.0005,14N,water,0.0
4e-05,3.418,0.0011,0.0007,0.0005,14N,water,0.0
5e-05,3.603,0.0012,0.0007,0.0005,14N,water,0.0
5e-05,3.778,0.0012,0.0007,0.0005,14N,water,0.0
6e-05,3.946,0.0013,0.0008,0.0006,14N,water,0.0
6e-05,4.108,0.0013,0.0008,0.0006,14N,water,0.0
7e-05,4.263,0.0014,0.0008,0.0006,14N,water,0.0
8e-05,4.557,0.0015,0.0009,0.0006,14N,water,1e-05
9e-05,4.833,0.0016,0.0009,0.0007,14N,water,1e-05
0.0001,5.095,0.0017,0.001,0.0007,14N,water,1e-05
0.00011,5.343,0.0018,0.001,0.0007,14N,water,1e-05
0.00012,5.581,0.0019,0.0011,0.0008,14N,water,1e-05
0.00013,5.809,0.002,0.0011,0.0008,14N,water,1e-05
0.00014,6.028,0.002,0.0011,0.0008,14N,water,1e-05
0.00015,6.24,0.0021,0.0012,0.0009,14N,water,1e-05
0.00016,6.445,0.0022,0.0012,0.0009,14N,water,1e-05
0.00017,6.643,0.0023,0.0013,0.0009,14N,water,1e-05
0.00018,6.835,0.0024,0.0013,0.0009,14N,water,1e-05
0.0002,7.205,0.0025,0.0014,0.001,14N,water,1e-05
0.00022,7.642,0.0027,0.0015,0.0011,14N,water,2e-05
0.00025,8.056,0.0029,0.0015,0.0011,14N,water,2e-05
0.00027,8.449,0.003,0.0016,0.0012,14N,water,2e-05
0.0003,8.825,0.0032,0.0017,0.0012,14N,water,2e-05
0.00032,9.185,0.0034,0.0018,0.0013,14N,water,2e-05
0.00035,9.532,0.0035,0.0018,0.0013,14N,water,2e-05
0.00037,9.866,0.0037,0.0019,0.0014,14N,water,3e-05
0.0004,10.19,0.0038,0.002,0.0014,14N,water,3e-05
0.00045,10.81,0.0041,0.0021,0.0015,14N,water,3e-05
0.0005,11.39,0.0044,0.0022,0.0016,14N,water,4e-05
0.00055,11.95,0.0047,0.0024,0.0017,14N,water,4e-05
0.0006,12.48,0.005,0.0025,0.0018,14N,water,4e-05
0.00065,12.99,0.0053,0.0026,0.0019,14N,water,5e-05
0.0007,13.48,0.0056,0.0027,0.002,14N,water,5e-05
0.0008,14.41,0.0061,0.003,0.0022,14N,water,6e-05
0.0009,15.28,0.0066,0.0032,0.0023,14N,water,6e-05
0.001,16.11,0.0072,0.0034,0.0025,14N,water,7e-05
0.0011,16.9,0.0077,0.0036,0.0027,14N,water,8e-05
0.0012,17.65,0.0082,0.0038,0.0028,14N,water,9e-05
0.0013,18.37,0.0087,0.004,0.003,14N,water,9e-05
0.0014,19.06,0.0092,0.0042,0.0031,14N,water,0.0001
0.0015,19.73,0.0097,0.0044,0.0033,14N,water,0.00011
0.0016,20.38,0.0102,0.0046,0.0034,14N,water,0.00011
0.0017,21.01,0.0107,0.0048,0.0035,14N,water,0.00012
0.0018,21.62,0.0112,0.005,0.0037,14N,water,0.00013
0.002,22.79,0.0121,0.0054,0.0039,14N,water,0.00014
0.00225,24.17,0.0133,0.0058,0.0043,14N,water,0.00016
0.0025,25.48,0.0145,0.0063,0.0046,14N,water,0.00018
0.00275,26.72,0.0157,0.0067,0.0049,14N,water,0.0002
0.003,27.91,0.0169,0.0072,0.0052,14N,water,0.00021
0.00325,29.05,0.0181,0.0076,0.0056,14N,water,0.00023
0.0035,30.14,0.0192,0.0081,0.0059,14N,water,0.00025
0.00375,31.2,0.0204,0.0085,0.0062,14N,water,0.00027
0.004,32.22,0.0216,0.0089,0.0065,14N,water,0.00029
0.0045,34.18,0.0239,0.0097,0.0071,14N,water,0.00032
0.005,36.03,0.0262,0.0106,0.0076,14N,water,0.00036
0.0055,37.79,0.0286,0.0114,0.0082,14N,water,0.00039
0.006,39.47,0.0309,0.0122,0.0088,14N,water,0.00043
0.0065,41.08,0.0333,0.013,0.0094,14N,water,0.00046
0.007,42.63,0.0357,0.0138,0.0099,14N,water,0.0005
0.008,45.57,0.0404,0.0154,0.011,14N,water,0.00057
0.009,48.34,0.0452,0.0169,0.0121,14N,water,0.00064
0.01,50.95,0.05,0.0184,0.0132,14N,water,0.00071
0.011,53.44,0.0549,0.0199,0.0143,14N,water,0.00079
0.012,55.82,0.0597,0.0214,0.0154,14N,water,0.00086
0.013,58.1,0.0646,0.0228,0.0165,14N,water,0.00093
0.014,60.29,0.0696,0.0243,0.0175,14N,water,0.001
0.015,62.41,0.0745,0.0257,0.0186,14N,water,0.00107
0.016,64.45,0.0795,0.0271,0.0197,14N,water,0.00114
0.017,66.44,0.0844,0.0285,0.0207,14N,water,0.00121
0.018,68.36,0.0894,0.0298,0.0218,14N,water,0.00129
0.02,72.06,0.0995,0.0325,0.0239,14N,water,0.00143
0.0225,76.44,0.1121,0.0357,0.0265,14N,water,0.00161
0.025,80.57,0.1248,0.0388,0.0291,14N,water,0.00178
0.0275,84.51,0.1375,0.0418,0.0316,14N,water,0.00196
0.03,88.88,0.1503,0.0447,0.0342,14N,water,0.00214
0.0325,93.04,0.1629,0.0475,0.0367,14N,water,0.00232
0.035,96.81,0.1756,0.0502,0.0391,14N,water,0.0025
0.0375,100.2,0.1882,0.0528,0.0416,14N,water,0.00268
0.04,103.3,0.2008,0.0554,0.044,14N,water,0.00286
0.045,108.7,0.226,0.0603,0.0487,14N,water,0.00321
0.05,113.2,0.2511,0.0649,0.0533,14N,water,0.00357
0.055,117.1,0.2763,0.0694,0.0577,14N,water,0.00393
0.06,120.6,0.3015,0.0737,0.0621,14N,water,0.00428
0.065,123.8,0.3268,0.0778,0.0664,14N,water,0.00464
0.07,126.7,0.352,0.0818,0.0706,14N,water,0.005
0.08,132.1,0.4025,0.0895,0.0787,14N,water,0.00571
0.09,137.3,0.4528,0.0966,0.0866,14N,water,0.00643
0.1,142.3,0.5029,0.1034,0.0942,14N,water,0.00714
0.11,147.2,0.5525,0.1097,0.1015,14N,water,0.00785
0.12,152.2,0.6016,0.1156,0.1086,14N,water,0.00857
0.13,157.2,0.6502,0.1212,0.1154,14N,water,0.00928
0.14,162.2,0.6981,0.1264,0.1219,14N,water,0.01
0.15,167.4,0.7454,0.1313,0.1282,14N,water,0.01071
0.16,172.5,0.7919,0.136,0.1343,14N,water,0.01142
0.17,177.7,0.8376,0.1404,0.1402,14N,water,0.01214
0.18,182.9,0.8826,0.1445,0.1458,14N,water,0.01285
0.2,193.4,0.9702,0.1523,0.1565,14N,water,0.01428
0.225,206.5,1.08,0.1609,0.1687,14N,water,0.01606
0.25,219.6,1.18,0.1685,0.1798,14N,water,0.01785
0.275,232.6,1.27,0.1752,0.19,14N,water,0.01963
0.3,245.5,1.37,0.1811,0.1993,14N,water,0.02142
0.325,258.1,1.45,0.1864,0.2078,14N,water,0.0232
0.35,270.4,1.54,0.1912,0.2157,14N,water,0.02499
0.375,282.6,1.62,0.1954,0.223,14N,water,0.02677
0.4,294.5,1.7,0.1993,0.2297,14N,water,0.02856
0.45,317.6,1.85,0.2066,0.2419,14N,water,0.03213
0.5,339.7,1.99,0.2127,0.2525,14N,water,0.0357
0.55,361.0,2.13,0.218,0.262,14N,water,0.03927
0.6,381.5,2.26,0.2226,0.2704,14N,water,0.04284
0.65,401.3,2.38,0.2266,0.2779,14N,water,0.04641
0.7,420.4,2.5,0.2302,0.2847,14N,water,0.04998
0.8,457.1,2.71,0.2372,0.2966,14N,water,0.05712
0.9,492.0,2.92,0.243,0.3067,14N,water,0.06425
1.0,525.2,3.11,0.2478,0.3154,14N,water,0.07139
1.1,557.1,3.29,0.2519,0.3229,14N,water,0.07853
1.2,587.6,3.46,0.2555,0.3296,14N,water,0.08567
1.3,616.8,3.62,0.2586,0.3355,14N,water,0.09281
1.4,644.8,3.78,0.2614,0.3408,14N,water,0.09995
1.5,671.5,3.93,0.2639,0.3456,14N,water,0.10709
1.6,697.1,4.07,0.2661,0.35,14N,water,0.11423
1.7,721.4,4.21,0.2682,0.354,14N,water,0.12137
1.8,744.5,4.35,0.2701,0.3577,14N,water,0.12851
2.0,787.1,4.6,0.2746,0.3643,14N,water,0.14279
2.25,833.8,4.91,0.2801,0.3713,14N,water,0.16064
2.5,873.8,5.2,0.285,0.3775,14N,water,0.17849
2.75,907.8,5.48,0.2892,0.3829,14N,water,0.19633
3.0,936.4,5.75,0.2931,0.3877,14N,water,0.21418
3.25,960.5,6.01,0.2967,0.3921,14N,water,0.23203
3.5,980.7,6.27,0.3,0.3961,14N,water,0.24988
3.75,997.7,6.52,0.3031,0.3998,14N,water,0.26773
4.0,1012.0,6.77,0.3061,0.4032,14N,water,0.28558
4.5,1033.0,7.25,0.3154,0.4095,14N,water,0.32127
5.0,1048.0,7.73,0.324,0.4152,14N,water,0.35697
5.5,1058.0,8.2,0.3322,0.4205,14N,water,0.39267
6.0,1064.0,8.67,0.34,0.4253,14N,water,0.42837
6.5,1066.0,9.14,0.3475,0.4299,14N,water,0.46406
7.0,1066.0,9.61,0.3548,0.4342,14N,water,0.49976
8.0,1059.0,10.55,0.3808,0.4424,14N,water,0.57116
9.0,1045.0,11.5,0.4054,0.45,14N,water,0.64255
10.0,1027.0,12.46,0.4293,0.4574,14N,water,0.71394
11.0,1006.0,13.44,0.4527,0.4645,14N,water,0.78534
12.0,983.8,14.45,0.4759,0.4715,14N,water,0.85673
13.0,960.8,15.48,0.499,0.4784,14N,water,0.92813
14.0,937.7,16.53,0.522,0.4853,14N,water,0.99952
15.0,914.8,17.61,0.5452,0.4922,14N,water,1.07092
16.0,892.4,18.71,0.5685,0.4992,14N,water,1.14231
17.0,870.6,19.84,0.592,0.5063,14N,water,1.2137
18.0,849.6,21.01,0.6157,0.5135,14N,water,1.2851
20.0,809.8,23.42,0.7062,0.5282,14N,water,1.42789
22.5,764.4,26.59,0.8397,0.5474,14N,water,1.60637
25.0,723.7,29.95,0.9675,0.5676,14N,water,1.78486
27.5,687.1,33.49,1.09,0.5891,14N,water,1.96335
30.0,663.6,37.19,1.21,0.6116,14N,water,2.14183
32.5,640.9,41.02,1.33,0.6351,14N,water,2.32032
35.0,614.3,45.01,1.45,0.6596,14N,water,2.4988
37.5,588.0,49.16,1.57,0.6854,14N,water,2.67729
40.0,564.3,53.5,1.68,0.7125,14N,water,2.85578
45.0,523.2,62.7,2.13,0.7706,14N,water,3.21275
50.0,488.7,72.59,2.56,0.8339,14N,water,3.56972
55.0,459.4,83.13,2.96,0.9023,14N,water,3.92669
60.0,434.1,94.33,3.37,0.9755,14N,water,4.28366
65.0,411.8,106.15,3.76,1.05,14N,water,4.64064
70.0,392.2,118.59,4.16,1.14,14N,water,4.99761
80.0,358.7,145.24,5.62,1.31,14N,water,5.71155
90.0,331.0,174.26,6.97,1.51,14N,water,6.4255
100.0,307.6,205.59,8.27,1.72,14N,water,7.13944
110.0,287.4,239.22,9.55,1.95,14N,water,7.85338
120.0,269.6,275.14,10.83,2.19,14N,water,8.56733
130.0,253.8,313.36,12.12,2.44,14N,water,9.28127
140.0,239.7,353.9,13.42,2.71,14N,water,9.99522
150.0,226.9,396.78,14.74,3.0,14N,water,10.70916
160.0,215.2,442.02,16.09,3.3,14N,water,11.4231
170.0,204.6,489.66,17.46,3.62,14N,water,12.13705
180.0,194.9,539.73,18.85,3.95,14N,water,12.85099
200.0,177.6,647.21,24.25,4.66,14N,water,14.27888
225.0,159.6,795.69,32.13,5.63,14N,water,16.06374
250.0,144.6,960.23,39.72,6.72,14N,water,17.8486
275.0,132.2,1140.0,47.28,7.9,14N,water,19.63346
300.0,122.0,1340.0,54.92,9.2,14N,water,21.41832
325.0,113.5,1550.0,62.67,10.6,14N,water,23.20318
350.0,106.5,1780.0,70.5,12.1,14N,water,24.98804
375.0,100.9,2020.0,78.38,13.69,14N,water,26.7729
400.0,96.45,2270.0,86.25,15.36,14N,water,28.55776
450.0,88.5,2810.0,115.45,18.94,14N,water,32.12748
500.0,81.19,3400.0,142.58,22.82,14N,water,35.6972
550.0,75.11,4040.0,169.06,27.02,14N,water,39.26692
600.0,69.98,4730.0,195.33,31.51,14N,water,42.83664
650.0,65.59,5470.0,221.64,36.31,14N,water,46.40636
700.0,61.78,6260.0,248.1,41.4,14N,water,49.97608
800.0,55.51,7960.0,346.65,52.42,14N,water,57.11552
900.0,50.55,9850.0,437.96,64.53,14N,water,64.25496
1000.0,46.52,11910.0,526.61,77.69,14N,water,71.3944
1100.0,43.19,14140.0,614.34,91.85,14N,water,78.53384
1200.0,40.38,16540.0,701.97,106.97,14N,water,85.67328
1300.0,37.99,19090.0,789.9,123.02,14N,water,92.81273
1400.0,35.91,21800.0,878.35,139.96,14N,water,99.95217
1500.0,34.1,24660.0,967.42,157.76,14N,water,107.09161
1600.0,32.51,27660.0,1060.0,176.39,14N,water,114.23105
1700.0,31.1,30800.0,1150.0,195.81,14N,water,121.37049
1800.0,29.83,34090.0,1240.0,216.0,14N,water,128.50993
2000.0,27.67,41050.0,1580.0,258.59,14N,water,142.78881
2250.0,25.48,50460.0,2070.0,315.71,14N,water,160.63741
2500.0,23.72,60630.0,2520.0,376.79,14N,water,178.48601
2750.0,22.27,71510.0,2960.0,441.49,14N,water,196.33461
3000.0,21.05,83060.0,3380.0,509.52,14N,water,214.18321
3250.0,20.02,95230.0,3790.0,580.62,14N,water,232.03181
3500.0,19.13,108000.0,4200.0,654.52,14N,water,249.88041
3750.0,18.36,121340.0,4610.0,731.01,14N,water,267.72902
4000.0,17.69,135210.0,5010.0,809.88,14N,water,285.57762
4500.0,16.56,164430.0,6500.0,974.04,14N,water,321.27482
5000.0,15.66,195470.0,7850.0,1150.0,14N,water,356.97202
5500.0,14.93,228170.0,9110.0,1320.0,14N,water,392.66922
6000.0,14.32,262360.0,10320.0,1510.0,14N,water,428.36642
6500.0,13.81,297910.0,11490.0,1690.0,14N,water,464.06363
7000.0,13.38,334690.0,12610.0,1880.0,14N,water,499.76083
8000.0,12.68,411480.0,16650.0,2270.0,14N,water,571.15523
9000.0,12.15,492030.0,20180.0,2670.0,14N,water,642.54964
10000.0,11.74,575750.0,23410.0,3080.0,14N,water,713.94404
